date,fit_3_9_flow_m3
2020-01-01,1122.0
2020-01-02,1150.0
2020-01-03,1128.0
2020-01-04,1160.0
2020-01-05,1118.0
2020-01-06,1143.0
2020-01-07,1150.0
2020-01-08,1130.0
2020-01-09,1144.0
2020-01-10,1100.0
2020-01-11,1111.0
2020-01-12,1132.0
2020-01-13,1097.0
2020-01-14,1043.0
2020-01-15,1049.0
2020-01-16,1053.0
2020-01-17,1047.0
2020-01-18,1106.0
2020-01-19,1067.0
2020-01-20,1070.0
2020-01-21,1053.0
2020-01-22,1079.0
2020-01-23,1056.0
2020-01-24,1043.0
2020-01-25,1084.0
2020-01-26,1099.0
2020-01-27,1046.0
2020-01-28,1081.0
2020-01-29,1041.0
2020-01-30,1055.0
2020-01-31,1048.0
2020-02-01,1077.0
2020-02-02,1042.0
2020-02-03,1037.0
2020-02-04,1020.0
2020-02-05,1019.0
2020-02-06,1037.0
2020-02-07,1041.0
2020-02-08,1089.0
2020-02-09,1081.0
2020-02-10,1037.0
2020-02-11,1010.0
2020-02-12,1023.0
2020-02-13,1030.0
2020-02-14,994.0
2020-02-15,1068.0
2020-02-16,1067.0
2020-02-17,1041.0
2020-02-18,1037.0
2020-02-19,1022.0
2020-02-20,1001.0
2020-02-21,1025.0
2020-02-22,1008.0
2020-02-23,1053.0
2020-02-24,1056.0
2020-02-25,1023.0
2020-02-26,1001.0
2020-02-27,994.0
2020-02-28,984.0
2020-02-29,1044.0
2020-03-01,996.0
2020-03-02,992.0
2020-03-03,1000.0
2020-03-04,951.0
2020-03-05,1014.0
2020-03-06,996.0
2020-03-07,1017.0
2020-03-08,1032.0
2020-03-09,365.0
2020-03-10,1011.0
2020-03-11,1042.0
2020-03-12,1083.0
2020-03-13,1061.0
2020-03-14,1121.0
2020-03-15,1104.0
2020-03-16,1044.0
2020-03-17,1131.0
2020-03-18,1130.0
2020-03-19,1142.0
2020-03-20,1143.0
2020-03-21,1147.0
2020-03-22,1073.0
2020-03-23,1111.0
2020-03-24,1183.0
2020-03-25,1176.0
2020-03-26,1201.0
2020-03-27,1185.0
2020-03-28,1246.0
2020-03-29,1226.0
2020-03-30,1258.0
2020-03-31,1220.0
2020-04-01,1066.0
2020-04-02,1120.0
2020-04-03,1040.0
2020-04-04,1070.0
2020-04-05,1083.0
2020-04-06,1079.0
2020-04-07,1095.0
2020-04-08,1142.0
2020-04-09,1226.0
2020-04-10,1235.0
2020-04-11,1284.0
2020-04-12,1267.0
2020-04-13,1297.0
2020-04-14,1256.0
2020-04-15,1272.0
2020-04-16,1372.0
2020-04-17,1354.0
2020-04-18,1438.0
2020-04-19,1232.0
2020-04-20,1280.0
2020-04-21,1303.0
2020-04-22,1270.0
2020-04-23,1181.0
2020-04-24,1228.0
2020-04-25,1263.0
2020-04-26,1260.0
2020-04-27,1289.0
2020-04-28,1320.0
2020-04-29,1210.0
2020-04-30,1291.0
2020-05-01,1372.0
2020-05-02,1283.0
2020-05-03,1219.0
2020-05-04,1311.0
2020-05-05,1354.0
2020-05-06,1390.0
2020-05-07,1306.0
2020-05-08,1276.0
2020-05-09,1343.0
2020-05-10,1382.0
2020-05-11,1460.0
2020-05-12,1480.0
2020-05-13,1424.0
2020-05-14,1539.0
2020-05-15,1554.0
2020-05-16,1580.0
2020-05-17,1558.0
2020-05-18,1628.0
2020-05-19,1584.0
2020-05-20,1369.0
2020-05-21,1234.0
2020-05-22,1280.0
2020-05-23,1395.0
2020-05-24,1454.0
2020-05-25,1362.0
2020-05-26,1253.0
2020-05-27,1222.0
2020-05-28,1360.0
2020-05-29,1364.0
2020-05-30,1397.0
2020-05-31,1306.0
2020-06-01,1344.0
2020-06-02,1458.0
2020-06-03,1523.0
2020-06-04,1502.0
2020-06-05,1486.0
2020-06-06,1321.0
2020-06-07,1304.0
2020-06-08,1290.0
2020-06-09,1331.0
2020-06-10,1373.0
2020-06-11,1362.0
2020-06-12,1394.0
2020-06-13,1515.0
2020-06-14,1462.0
2020-06-15,489.0
2020-06-16,1454.0
2020-06-17,1460.0
2020-06-18,1493.0
2020-06-19,1527.0
2020-06-20,1572.0
2020-06-21,1544.0
2020-06-22,1440.0
2020-06-23,1464.0
2020-06-24,1526.0
2020-06-25,1548.0
2020-06-26,1566.0
2020-06-27,1652.0
2020-06-28,1630.0
2020-06-29,1624.0
2020-06-30,1633.0
2020-07-01,1594.0
2020-07-02,1649.0
2020-07-03,1599.0
2020-07-04,1621.0
2020-07-05,1460.0
2020-07-06,1372.0
2020-07-07,1384.0
2020-07-08,1502.0
2020-07-09,1573.0
2020-07-10,1650.0
2020-07-11,1593.0
2020-07-12,1678.0
2020-07-13,1674.0
2020-07-14,1623.0
2020-07-15,1730.0
2020-07-16,1673.0
2020-07-17,1620.0
2020-07-18,1664.0
2020-07-19,1627.0
2020-07-20,1587.0
2020-07-21,1660.0
2020-07-22,1721.0
2020-07-23,1743.0
2020-07-24,1748.0
2020-07-25,1756.0
2020-07-26,1778.0
2020-07-27,1830.0
2020-07-28,1857.0
2020-07-29,1880.0
2020-07-30,1812.0
2020-07-31,1800.0
2020-08-01,1773.0
2020-08-02,1551.0
2020-08-03,3254.0
2020-08-04,1818.0
2020-08-05,1743.0
2020-08-06,1723.0
2020-08-07,1696.0
2020-08-08,1610.0
2020-08-09,1562.0
2020-08-10,1570.0
2020-08-11,1621.0
2020-08-12,1692.0
2020-08-13,1737.0
2020-08-14,1730.0
2020-08-15,1594.0
2020-08-16,1690.0
2020-08-17,1756.0
2020-08-18,1694.0
2020-08-19,1703.0
2020-08-20,1713.0
2020-08-21,1716.0
2020-08-22,1728.0
2020-08-23,1704.0
2020-08-24,1744.0
2020-08-25,1783.0
2020-08-26,1775.0
2020-08-27,1730.0
2020-08-28,1743.0
2020-08-29,1808.0
2020-08-30,1800.0
2020-08-31,1757.0
2020-09-01,1671.0
2020-09-02,1743.0
2020-09-03,1736.0
2020-09-04,1673.0
2020-09-05,1700.0
2020-09-06,1694.0
2020-09-07,1616.0
2020-09-08,1666.0
2020-09-09,1686.0
2020-09-10,1637.0
2020-09-11,1690.0
2020-09-12,1749.0
2020-09-13,1816.0
2020-09-14,1789.0
2020-09-15,1775.0
2020-09-16,1784.0
2020-09-17,1672.0
2020-09-18,1561.0
2020-09-19,1656.0
2020-09-20,1645.0
2020-09-21,1624.0
2020-09-22,1596.0
2020-09-23,1543.0
2020-09-24,1592.0
2020-09-25,1579.0
2020-09-26,1449.0
2020-09-27,1524.0
2020-09-28,1511.0
2020-09-29,1506.0
2020-09-30,1533.0
2020-10-01,1409.0
2020-10-02,1413.0
2020-10-03,1476.0
2020-10-04,1436.0
2020-10-05,1451.0
2020-10-06,1428.0
2020-10-07,1346.0
2020-10-08,1260.0
2020-10-09,1320.0
2020-10-10,1393.0
2020-10-11,1379.0
2020-10-12,1334.0
2020-10-13,1351.0
2020-10-14,1366.0
2020-10-15,1325.0
2020-10-16,1349.0
2020-10-17,1456.0
2020-10-18,1447.0
2020-10-19,1377.0
2020-10-20,1416.0
2020-10-21,1422.0
2020-10-22,1405.0
2020-10-23,1410.0
2020-10-24,1394.0
2020-10-25,1397.0
2020-10-26,1385.0
2020-10-27,1344.0
2020-10-28,1251.0
2020-10-29,1325.0
2020-10-30,1315.0
2020-10-31,1349.0
2020-11-01,1310.0
2020-11-02,1342.0
2020-11-03,1303.0
2020-11-04,1291.0
2020-11-05,1262.0
2020-11-06,1274.0
2020-11-07,1326.0
2020-11-08,1368.0
2020-11-09,1320.0
2020-11-10,1238.0
2020-11-11,1310.0
2020-11-12,1296.0
2020-11-13,1301.0
2020-11-14,1338.0
2020-11-15,1345.0
2020-11-16,1285.0
2020-11-17,1231.0
2020-11-18,1222.0
2020-11-19,1291.0
2020-11-20,1313.0
2020-11-21,1273.0
2020-11-22,1179.0
2020-11-24,1346.0
2020-11-25,1530.0
2020-11-26,1435.0
2020-11-27,1286.0
2020-11-28,1328.0
2020-11-29,1285.0
2020-11-30,1270.0
2020-12-01,1265.0
2020-12-02,1267.0
2020-12-03,1261.0
2020-12-04,1262.0
2020-12-05,1330.0
2020-12-06,1193.0
2020-12-07,1275.0
2020-12-08,1280.0
2020-12-09,1252.0
2020-12-10,1252.0
2020-12-11,1262.0
2020-12-12,1292.0
2020-12-13,1286.0
2020-12-14,1307.0
2020-12-15,1298.0
2020-12-16,1305.0
2020-12-17,1292.0
2020-12-18,1316.0
2020-12-19,1333.0
2020-12-20,1293.0
2020-12-21,1298.0
2020-12-22,1320.0
2020-12-23,1286.0
2020-12-24,1319.0
2020-12-25,1278.0
2020-12-26,1170.0
2020-12-27,1272.0
2020-12-28,1293.0
2020-12-29,1292.0
2020-12-30,1324.0
2020-12-31,1293.0
2021-01-01,1281.0
2021-01-02,1301.0
2021-01-03,1282.0
2021-01-04,1299.0
2021-01-05,1370.0
2021-01-06,1329.0
2021-01-07,1352.0
2021-01-08,1379.0
2021-01-09,1374.0
2021-01-10,1386.0
2021-01-11,1305.0
2021-01-12,1389.0
2021-01-13,1354.0
2021-01-14,1343.0
2021-01-15,1326.0
2021-01-16,1329.0
2021-01-17,1370.0
2021-01-18,1341.0
2021-01-19,1327.0
2021-01-20,1350.0
2021-01-21,1370.0
2021-01-22,1361.0
2021-01-23,1364.0
2021-01-24,1343.0
2021-01-25,1318.0
2021-01-26,1286.0
2021-01-27,1372.0
2021-01-28,1361.0
2021-01-29,1319.0
2021-01-30,1420.0
2021-01-31,1392.0
2021-02-01,1384.0
2021-02-02,1373.0
2021-02-03,1436.0
2021-02-04,1411.0
2021-02-05,1387.0
2021-02-06,1435.0
2021-02-07,1417.0
2021-02-08,1327.0
2021-02-09,1445.0
2021-02-10,1374.0
2021-02-11,1349.0
2021-02-12,1372.0
2021-02-13,1344.0
2021-02-14,1359.0
2021-02-15,1394.0
2021-02-16,1467.0
2021-02-17,1477.0
2021-02-18,1426.0
2021-02-19,1388.0
2021-02-20,1438.0
2021-02-21,1416.0
2021-02-22,1386.0
2021-02-23,1400.0
2021-02-24,1425.0
2021-02-25,1363.0
2021-02-26,1412.0
2021-02-27,1474.0
2021-02-28,1463.0
2021-03-01,1434.0
2021-03-02,1444.0
2021-03-03,1466.0
2021-03-04,1439.0
2021-03-05,1424.0
2021-03-06,1362.0
2021-03-07,1427.0
2021-03-08,1374.0
2021-03-09,1384.0
2021-03-10,1344.0
2021-03-11,1372.0
2021-03-12,1385.0
2021-03-13,1381.0
2021-03-14,1388.0
2021-03-15,1328.0
2021-03-16,1341.0
2021-03-17,1355.0
2021-03-18,1346.0
2021-03-19,1385.0
2021-03-20,1339.0
2021-03-21,1378.0
2021-03-22,1335.0
2021-03-23,1331.0
2021-03-24,1373.0
2021-03-25,1376.0
2021-03-26,1383.0
2021-03-27,1418.0
2021-03-28,1351.0
2021-03-29,1360.0
2021-03-30,1356.0
2021-03-31,1398.0
2021-04-01,1412.0
2021-04-02,1415.0
2021-04-03,1424.0
2021-04-04,1418.0
2021-04-05,1397.0
2021-04-06,1391.0
2021-04-07,1388.0
2021-04-08,1460.0
2021-04-09,1436.0
2021-04-10,1451.0
2021-04-11,1442.0
2021-04-12,1434.0
2021-04-13,1388.0
2021-04-14,1445.0
2021-04-15,1472.0
2021-04-16,1361.0
2021-04-17,1405.0
2021-04-18,1459.0
2021-04-19,1342.0
2021-04-20,1386.0
2021-04-21,1409.0
2021-04-22,1374.0
2021-04-23,1346.0
2021-04-24,1399.0
2021-04-25,1493.0
2021-04-26,1530.0
2021-04-27,1547.0
2021-04-28,1619.0
2021-04-29,1673.0
2021-04-30,1645.0
2021-05-01,1682.0
2021-05-02,1553.0
2021-05-03,1609.0
2021-05-04,1673.0
2021-05-05,1649.0
2021-05-06,1612.0
2021-05-07,1633.0
2021-05-08,1760.0
2021-05-09,1792.0
2021-05-10,1766.0
2021-05-11,1757.0
2021-05-12,1712.0
2021-05-13,1709.0
2021-05-14,1705.0
2021-05-15,1561.0
2021-05-16,1594.0
2021-05-17,1614.0
2021-05-18,1633.0
2021-05-19,1665.0
2021-05-20,1672.0
2021-05-21,1684.0
2021-05-22,1740.0
2021-05-23,1738.0
2021-05-24,1802.0
2021-05-25,1742.0
2021-05-26,1729.0
2021-05-27,1703.0
2021-05-28,1762.0
2021-05-29,1705.0
2021-05-30,1690.0
2021-05-31,1612.0
2021-06-01,1665.0
2021-06-02,1674.0
2021-06-03,1625.0
2021-06-04,1638.0
2021-06-05,1670.0
2021-06-06,1694.0
2021-06-07,1622.0
2021-06-08,1666.0
2021-06-09,1570.0
2021-06-10,1603.0
2021-06-11,1634.0
2021-06-12,1666.0
2021-06-13,1572.0
2021-06-14,1572.0
2021-06-15,1605.0
2021-06-16,1667.0
2021-06-17,1706.0
2021-06-18,1702.0
2021-06-19,1647.0
2021-06-20,1654.0
2021-06-21,1745.0
2021-06-22,1795.0
2021-06-23,1766.0
2021-06-24,1786.0
2021-06-25,1864.0
2021-06-26,1860.0
2021-06-27,1779.0
2021-06-28,1770.0
2021-06-29,1829.0
2021-06-30,1838.0
2021-07-01,1872.0
2021-07-02,1845.0
2021-07-03,1882.0
2021-07-04,1903.0
2021-07-05,1823.0
2021-07-06,1754.0
2021-07-07,1807.0
2021-07-08,1791.0
2021-07-09,1802.0
2021-07-10,1877.0
2021-07-11,1820.0
2021-07-12,1812.0
2021-07-13,1883.0
2021-07-14,1806.0
2021-07-15,1927.0
2021-07-16,1935.0
2021-07-17,1923.0
2021-07-18,1906.0
2021-07-19,1890.0
2021-07-20,1853.0
2021-07-21,1872.0
2021-07-22,1891.0
2021-07-23,1869.0
2021-07-24,1857.0
2021-07-25,1814.0
2021-07-26,1891.0
2021-07-27,1976.0
2021-07-28,2035.0
2021-07-29,1871.0
2021-07-30,1984.0
2021-07-31,1978.0
2021-08-01,1951.0
2021-08-02,1973.0
2021-08-03,2003.0
2021-08-04,1923.0
2021-08-05,1945.0
2021-08-06,1965.0
2021-08-07,1944.0
2021-08-08,1912.0
2021-08-09,1954.0
2021-08-10,1949.0
2021-08-11,1916.0
2021-08-12,1951.0
2021-08-13,1931.0
2021-08-14,1936.0
2021-08-15,1809.0
2021-08-16,1911.0
2021-08-17,1872.0
2021-08-18,1821.0
2021-08-19,1812.0
2021-08-20,1810.0
2021-08-21,1818.0
2021-08-22,1810.0
2021-08-23,1768.0
2021-08-24,1763.0
2021-08-25,1731.0
2021-08-26,1494.0
2021-08-27,1364.0
2021-08-28,1546.0
2021-08-29,1521.0
2021-08-30,1499.0
2021-08-31,1497.0
2021-09-01,1531.0
2021-09-02,1584.0
2021-09-03,1546.0
2021-09-04,1543.0
2021-09-05,1552.0
2021-09-06,1510.0
2021-09-07,1549.0
2021-09-08,1520.0
2021-09-09,1564.0
2021-09-10,1598.0
2021-09-11,1596.0
2021-09-12,1473.0
2021-09-13,1553.0
2021-09-14,1576.0
2021-09-15,1571.0
2021-09-16,1572.0
2021-09-17,1567.0
2021-09-18,1603.0
2021-09-19,1608.0
2021-09-20,1621.0
2021-09-21,1580.0
2021-09-22,1585.0
2021-09-23,1562.0
2021-09-24,1567.0
2021-09-25,1612.0
2021-09-26,1549.0
2021-09-27,1434.0
2021-09-28,1535.0
2021-09-29,1590.0
2021-09-30,1528.0
2021-10-01,1555.0
2021-10-02,1675.0
2021-10-03,1576.0
2021-10-04,1529.0
2021-10-05,1549.0
2021-10-06,1532.0
2021-10-07,1401.0
2021-10-08,1437.0
2021-10-09,1470.0
2021-10-10,1412.0
2021-10-11,1430.0
2021-10-12,1437.0
2021-10-13,1448.0
2021-10-14,1415.0
2021-10-15,1453.0
2021-10-16,1507.0
2021-10-17,1465.0
2021-10-18,1469.0
2021-10-19,1479.0
2021-10-20,1460.0
2021-10-21,1443.0
2021-10-22,1437.0
2021-10-23,1381.0
2021-10-24,1384.0
2021-10-25,1423.0
2021-10-26,1379.0
2021-10-27,1450.0
2021-10-28,1402.0
2021-10-29,1413.0
2021-10-30,1455.0
2021-10-31,1494.0
2021-11-01,1442.0
2021-11-02,1409.0
2021-11-03,1439.0
2021-11-04,1443.0
2021-11-05,1430.0
2021-11-06,1497.0
2021-11-07,1468.0
2021-11-08,1418.0
2021-11-09,1462.0
2021-11-10,1394.0
2021-11-11,1412.0
2021-11-12,1421.0
2021-11-13,1412.0
2021-11-14,1406.0
2021-11-15,1384.0
2021-11-16,1417.0
2021-11-17,1414.0
2021-11-18,1412.0
2021-11-19,1406.0
2021-11-20,1460.0
2021-11-21,1426.0
2021-11-22,1384.0
2021-11-23,1368.0
2021-11-24,1381.0
2021-11-25,1369.0
2021-11-26,1378.0
2021-11-27,1453.0
2021-11-28,1374.0
2021-11-29,1366.0
2021-11-30,1391.0
2021-12-01,1396.0
2021-12-02,1371.0
2021-12-03,1416.0
2021-12-04,1468.0
2021-12-05,1425.0
2021-12-06,1404.0
2021-12-07,1424.0
2021-12-08,1408.0
2021-12-09,1381.0
2021-12-10,1373.0
2021-12-11,1382.0
2021-12-12,1430.0
2021-12-13,1435.0
2021-12-14,1398.0
2021-12-15,1394.0
2021-12-16,1379.0
2021-12-17,0.0
2021-12-18,1358.0
2021-12-19,1339.0
2021-12-20,1345.0
2021-12-21,1360.0
2021-12-22,1345.0
2021-12-23,1348.0
2021-12-24,1377.0
2021-12-25,1333.0
2021-12-26,1345.0
2021-12-27,1348.0
2021-12-28,1339.0
2021-12-29,1349.0
2021-12-30,1368.0
2021-12-31,1383.0
2022-01-01,1294.0
2022-01-02,1283.0
2022-01-03,1230.0
2022-01-04,0.0
2022-01-05,1305.0
2022-01-06,1302.0
2022-01-07,1293.0
2022-01-08,1326.0
2022-01-09,1340.0
2022-01-10,0.0
2022-01-11,1331.0
2022-01-12,1351.0
2022-01-13,1344.0
2022-01-14,1394.0
2022-01-15,1432.0
2022-01-16,1407.0
2022-01-17,1388.0
2022-01-18,1397.0
2022-01-19,1426.0
2022-01-20,1415.0
2022-01-21,1408.0
2022-01-22,1452.0
2022-01-23,1451.0
2022-01-24,1451.0
2022-01-25,1483.0
2022-01-26,1578.0
2022-01-27,1598.0
2022-01-28,1531.0
2022-01-29,1514.0
2022-01-30,1554.0
2022-01-31,1530.0
2022-02-01,1498.0
2022-02-02,1499.0
2022-02-03,1507.0
2022-02-04,1514.0
2022-02-05,1502.0
2022-02-06,1552.0
2022-02-07,1486.0
2022-02-08,1464.0
2022-02-09,1456.0
2022-02-10,1424.0
2022-02-11,1465.0
2022-02-12,1441.0
2022-02-13,1495.0
2022-02-14,1468.0
2022-02-15,1408.0
2022-02-16,1396.0
2022-02-17,1416.0
2022-02-18,1409.0
2022-02-19,1431.0
2022-02-20,1400.0
2022-02-21,1420.0
2022-02-22,1416.0
2022-02-23,1412.0
2022-02-24,1377.0
2022-02-25,1407.0
2022-02-26,1424.0
2022-02-27,1397.0
2022-02-28,1402.0
2022-03-01,1393.0
2022-03-02,1414.0
2022-03-03,1435.0
2022-03-04,1398.0
2022-03-05,1446.0
2022-03-06,1440.0
2022-03-07,1430.0
2022-03-08,1436.0
2022-03-09,1440.0
2022-03-10,1453.0
2022-03-11,1453.0
2022-03-12,1482.0
2022-03-13,1523.0
2022-03-14,1490.0
2022-03-15,1478.0
2022-03-16,1497.0
2022-03-17,1515.0
2022-03-18,1457.0
2022-03-19,1500.0
2022-03-20,1484.0
2022-03-21,1471.0
2022-03-22,1454.0
2022-03-23,1466.0
2022-03-24,1473.0
2022-03-25,1432.0
2022-03-26,1507.0
2022-03-27,1432.0
2022-03-28,1437.0
2022-03-29,1504.0
2022-03-30,1493.0
2022-03-31,1435.0
2022-04-01,1482.0
2022-04-02,1470.0
2022-04-03,1474.0
2022-04-04,1473.0
2022-04-05,1548.0
2022-04-06,1554.0
2022-04-07,1448.0
2022-04-08,1519.0
2022-04-09,1570.0
2022-04-10,1519.0
2022-04-11,1572.0
2022-04-12,1568.0
2022-04-13,1551.0
2022-04-14,1595.0
2022-04-15,1591.0
2022-04-16,1585.0
2022-04-17,1508.0
2022-04-18,1464.0
2022-04-19,1567.0
2022-04-20,1526.0
2022-04-21,1591.0
2022-04-22,1544.0
2022-04-23,1654.0
2022-04-24,1525.0
2022-04-25,1540.0
2022-04-26,1581.0
2022-04-27,1650.0
2022-04-28,1682.0
2022-04-29,1584.0
2022-04-30,1595.0
2022-05-01,1517.0
2022-05-02,1493.0
2022-05-03,1516.0
2022-05-04,1558.0
2022-05-05,1561.0
2022-05-06,1512.0
2022-05-07,1670.0
2022-05-08,1651.0
2022-05-09,1624.0
2022-05-10,1506.0
2022-05-11,1559.0
2022-05-12,1559.0
2022-05-13,1478.0
2022-05-14,1429.0
2022-05-15,1556.0
2022-05-16,1562.0
2022-05-17,1557.0
2022-05-18,1495.0
2022-05-19,1558.0
2022-05-20,1646.0
2022-05-21,1627.0
2022-05-22,1678.0
2022-05-23,1608.0
2022-05-24,1572.0
2022-05-25,1594.0
2022-05-26,1652.0
2022-05-27,1661.0
2022-05-28,1710.0
2022-05-29,1504.0
2022-05-30,1487.0
2022-05-31,1501.0
2022-06-01,1583.0
2022-06-02,1642.0
2022-06-03,1682.0
2022-06-04,1705.0
2022-06-05,1716.0
2022-06-06,1656.0
2022-06-07,1715.0
2022-06-08,1701.0
2022-06-10,1512.0
2022-06-11,1479.0
2022-06-12,1469.0
2022-06-13,1522.0
2022-06-14,1562.0
2022-06-15,1622.0
2022-06-16,1646.0
2022-06-17,1645.0
2022-06-18,1645.0
2022-06-19,1664.0
2022-06-20,1674.0
2022-06-21,1666.0
2022-06-22,1725.0
2022-06-23,1750.0
2022-06-24,1719.0
2022-06-25,1759.0
2022-06-26,1733.0
2022-06-27,1751.0
2022-06-28,1703.0
2022-06-29,1748.0
2022-06-30,1738.0
2022-07-01,1680.0
2022-07-02,1708.0
2022-07-03,1696.0
2022-07-04,1765.0
2022-07-05,1714.0
2022-07-06,1653.0
2022-07-07,1699.0
2022-07-08,1721.0
2022-07-09,1653.0
2022-07-10,1649.0
2022-07-11,1746.0
2022-07-12,1766.0
2022-07-13,1842.0
2022-07-14,1808.0
2022-07-15,1758.0
2022-07-16,1842.0
2022-07-17,1787.0
2022-07-18,1702.0
2022-07-19,1714.0
2022-07-20,1698.0
2022-07-21,1740.0
2022-07-22,1733.0
2022-07-23,1733.0
2022-07-24,1729.0
2022-07-25,1775.0
2022-07-26,1766.0
2022-07-27,1778.0
2022-07-28,1705.0
2022-07-29,1785.0
2022-07-30,1810.0
2022-07-31,1748.0
2022-08-01,1764.0
2022-08-02,1738.0
2022-08-03,1804.0
2022-08-04,1776.0
2022-08-05,1720.0
2022-08-06,1704.0
2022-08-07,1740.0
2022-08-08,1709.0
2022-08-09,1702.0
2022-08-10,1764.0
2022-08-11,1729.0
2022-08-12,1667.0
2022-08-13,1632.0
2022-08-14,1574.0
2022-08-15,1568.0
2022-08-16,1679.0
2022-08-17,1673.0
2022-08-18,1671.0
2022-08-19,1670.0
2022-08-20,1712.0
2022-08-21,1686.0
2022-08-22,1736.0
2022-08-23,1730.0
2022-08-24,1693.0
2022-08-25,1564.0
2022-08-26,1631.0
2022-08-27,1690.0
2022-08-28,1702.0
2022-08-29,1706.0
2022-08-30,1553.0
2022-08-31,1611.0
2022-09-01,1673.0
2022-09-02,1582.0
2022-09-03,1609.0
2022-09-04,1600.0
2022-09-05,1673.0
2022-09-06,1611.0
2022-09-07,1633.0
2022-09-08,1661.0
2022-09-09,1688.0
2022-09-10,1707.0
2022-09-11,1725.0
2022-09-12,1628.0
2022-09-13,1639.0
2022-09-14,1672.0
2022-09-15,1701.0
2022-09-16,1639.0
2022-09-17,1642.0
2022-09-18,2.0
2022-09-19,1550.0
2022-09-20,1616.0
2022-09-21,1620.0
2022-09-22,1588.0
2022-09-23,1587.0
2022-09-24,1612.0
2022-09-25,2.0
2022-09-26,2.0
2022-09-27,1422.0
2022-09-28,5.0
2022-09-29,1439.0
2022-09-30,5.0
2022-10-01,1561.0
2022-10-02,1564.0
2022-10-03,1552.0
2022-10-04,1532.0
2022-10-05,1532.0
2022-10-06,1476.0
2022-10-07,1504.0
2022-10-08,1562.0
2022-10-09,1550.0
2022-10-10,1517.0
2022-10-11,1473.0
2022-10-12,1469.0
2022-10-13,1456.0
2022-10-14,1443.0
2022-10-15,1479.0
2022-10-16,1488.0
2022-10-17,1476.0
2022-10-18,1480.0
2022-10-19,1483.0
2022-10-20,1470.0
2022-10-21,1486.0
2022-10-22,1488.0
2022-10-23,1463.0
2022-10-24,1530.0
2022-10-25,1519.0
2022-10-26,1481.0
2022-10-27,1491.0
2022-10-28,1477.0
2022-10-29,1530.0
2022-10-30,1573.0
2022-10-31,1514.0
2022-11-01,1458.0
2022-11-02,1483.0
2022-11-03,1440.0
2022-11-04,1417.0
2022-11-05,1398.0
2022-11-06,1416.0
2022-11-07,1388.0
2022-11-08,1374.0
2022-11-09,1401.0
2022-11-10,1450.0
2022-11-11,1457.0
2022-11-12,1456.0
2022-11-13,1482.0
2022-11-14,1485.0
2022-11-15,1484.0
2022-11-16,1476.0
2022-11-17,1443.0
2022-11-18,1457.0
2022-11-19,1491.0
2022-11-20,1469.0
2022-11-21,1483.0
2022-11-22,1474.0
2022-11-23,1511.0
2022-11-24,1542.0
2022-11-25,1503.0
2022-11-26,1496.0
2022-11-27,1020.0
2022-11-28,1514.0
2022-11-29,1479.0
2022-11-30,1460.0
2022-12-01,1468.0
2022-12-02,1478.0
2022-12-03,1496.0
2022-12-04,1476.0
2022-12-05,1490.0
2022-12-06,1482.0
2022-12-07,1499.0
2022-12-08,1508.0
2022-12-09,1487.0
2022-12-10,1495.0
2022-12-11,1540.0
2022-12-12,1465.0
2022-12-13,1437.0
2022-12-14,1443.0
2022-12-15,1470.0
2022-12-16,1459.0
2022-12-17,1488.0
2022-12-18,1449.0
2022-12-19,1462.0
2022-12-20,1482.0
2022-12-21,1488.0
2022-12-22,1461.0
2022-12-23,1462.0
2022-12-24,1479.0
2022-12-25,1341.0
2022-12-26,1380.0
2022-12-27,1365.0
2022-12-28,1371.0
2022-12-29,1329.0
2022-12-30,1377.0
2022-12-31,1406.0
2023-01-01,1361.0
2023-01-02,1372.0
2023-01-03,1380.0
2023-01-04,1400.0
2023-01-05,1394.0
2023-01-06,1383.0
2023-01-07,1398.0
2023-01-08,1400.0
2023-01-09,1373.0
2023-01-10,1371.0
2023-01-11,1403.0
2023-01-12,1404.0
2023-01-13,1403.0
2023-01-14,1432.0
2023-01-15,1407.0
2023-01-16,1412.0
2023-01-17,1374.0
2023-01-18,1386.0
2023-01-19,1286.0
2023-01-20,1366.0
2023-01-21,1367.0
2023-01-22,1400.0
2023-01-23,1368.0
2023-01-24,1419.0
2023-01-25,1350.0
2023-01-26,1371.0
2023-01-27,1363.0
2023-01-28,1398.0
2023-01-29,1372.0
2023-01-30,1357.0
2023-01-31,1399.0
2023-02-01,1361.0
2023-02-02,1389.0
2023-02-03,1408.0
2023-02-04,1375.0
2023-02-05,1428.0
2023-02-06,1433.0
2023-02-07,1416.0
2023-02-08,1453.0
2023-02-09,1468.0
2023-02-10,1512.0
2023-02-11,1541.0
2023-02-12,1484.0
2023-02-13,1466.0
2023-02-14,1453.0
2023-02-15,1424.0
2023-02-16,1376.0
2023-02-17,1395.0
2023-02-18,1410.0
2023-02-19,1412.0
2023-02-20,1452.0
2023-02-21,1441.0
2023-02-22,1428.0
2023-02-23,1392.0
2023-02-24,1408.0
2023-02-25,1419.0
2023-02-26,1396.0
2023-02-27,1434.0
2023-02-28,1410.0
2023-03-01,1454.0
2023-03-02,1455.0
2023-03-03,1454.0
2023-03-04,1432.0
2023-03-05,1428.0
2023-03-06,1416.0
2023-03-07,1370.0
2023-03-08,1403.0
2023-03-09,1398.0
2023-03-10,1434.0
2023-03-11,1448.0
2023-03-12,1404.0
2023-03-13,1398.0
2023-03-14,1462.0
2023-03-15,1392.0
2023-03-16,1349.0
2023-03-17,1367.0
2023-03-18,1455.0
2023-03-19,1422.0
2023-03-20,1432.0
2023-03-21,1419.0
2023-03-22,1442.0
2023-03-23,1434.0
2023-03-24,1469.0
2023-03-25,1412.0
2023-03-26,1418.0
2023-03-27,1422.0
2023-03-28,1388.0
2023-03-29,1413.0
2023-03-30,1426.0
2023-03-31,1425.0
2023-04-01,1448.0
2023-04-02,1425.0
2023-04-03,1381.0
2023-04-04,1429.0
2023-04-05,1449.0
2023-04-06,1434.0
2023-04-07,1467.0
2023-04-08,1497.0
2023-04-09,1467.0
2023-04-10,1445.0
2023-04-11,1480.0
2023-04-12,1494.0
2023-04-13,1533.0
2023-04-14,1488.0
2023-04-15,1594.0
2023-04-16,1472.0
2023-04-17,1495.0
2023-04-18,1471.0
2023-04-19,1441.0
2023-04-20,1428.0
2023-04-21,1443.0
2023-04-22,1462.0
2023-04-23,1438.0
2023-04-24,1457.0
2023-04-25,1437.0
2023-04-26,1470.0
2023-04-27,1503.0
2023-04-28,1474.0
2023-04-29,1510.0
2023-04-30,1441.0
2023-05-01,1430.0
2023-05-02,1418.0
2023-05-03,1418.0
2023-05-04,1428.0
2023-05-05,1471.0
2023-05-06,1505.0
2023-05-07,1544.0
2023-05-08,1492.0
2023-05-09,1503.0
2023-05-10,1478.0
2023-05-11,1549.0
2023-05-12,1533.0
2023-05-13,1507.0
2023-05-14,1548.0
2023-05-15,1638.0
2023-05-16,1466.0
2023-05-17,1439.0
2023-05-18,1472.0
2023-05-19,1514.0
2023-05-20,1462.0
2023-05-21,1408.0
2023-05-22,1510.0
2023-05-23,1518.0
2023-05-24,1477.0
2023-05-25,1492.0
2023-05-26,1495.0
2023-05-27,1507.0
2023-05-28,1570.0
2023-05-29,1517.0
2023-05-30,1509.0
2023-05-31,1440.0
2023-06-01,1472.0
2023-06-02,1432.0
2023-06-03,1441.0
2023-06-04,1443.0
2023-06-05,1508.0
2023-06-06,1542.0
2023-06-07,1566.0
2023-06-08,1564.0
2023-06-09,1580.0
2023-06-10,1604.0
2023-06-11,1607.0
2023-06-12,1589.0
2023-06-13,1563.0
2023-06-14,1605.0
2023-06-15,1502.0
2023-06-16,1468.0
2023-06-17,1493.0
2023-06-18,1495.0
2023-06-19,1570.0
2023-06-20,1602.0
2023-06-21,1602.0
2023-06-22,1655.0
2023-06-23,1674.0
2023-06-24,1706.0
2023-06-25,1631.0
2023-06-26,1749.0
2023-06-27,1689.0
2023-06-28,1685.0
2023-06-29,1672.0
2023-06-30,1721.0
2023-07-01,1700.0
2023-07-02,1706.0
2023-07-03,1740.0
2023-07-04,1730.0
2023-07-05,1750.0
2023-07-06,1727.0
2023-07-07,1764.0
2023-07-08,1771.0
2023-07-09,1742.0
2023-07-10,1798.0
2023-07-11,1790.0
2023-07-12,1800.0
2023-07-13,1832.0
2023-07-14,1772.0
2023-07-15,1848.0
2023-07-16,1859.0
2023-07-17,1827.0
2023-07-18,1814.0
2023-07-19,1857.0
2023-07-20,1842.0
2023-07-21,1820.0
2023-07-22,1833.0
2023-07-23,1866.0
2023-07-24,1897.0
2023-07-25,1854.0
2023-07-26,1685.0
2023-07-27,1700.0
2023-07-28,1655.0
2023-07-29,1714.0
2023-07-30,1741.0
2023-07-31,1717.0
2023-08-01,1779.0
2023-08-02,1801.0
2023-08-03,1816.0
2023-08-04,1701.0
2023-08-05,1593.0
2023-08-06,1537.0
2023-08-07,1649.0
2023-08-08,1592.0
2023-08-09,1690.0
2023-08-10,1714.0
2023-08-11,1675.0
2023-08-12,1655.0
2023-08-13,1732.0
2023-08-14,1706.0
2023-08-15,1689.0
2023-08-16,1748.0
2023-08-17,1736.0
2023-08-18,1694.0
2023-08-19,1702.0
2023-08-20,1695.0
2023-08-21,1745.0
2023-08-22,1761.0
2023-08-23,1834.0
2023-08-24,1703.0
2023-08-25,1697.0
2023-08-26,1676.0
2023-08-27,1635.0
2023-08-28,1687.0
2023-08-29,1588.0
2023-08-30,1632.0
2023-08-31,1592.0
2023-09-01,1536.0
2023-09-02,1567.0
2023-09-03,1646.0
2023-09-04,1523.0
2023-09-05,1472.0
2023-09-06,1458.0
2023-09-07,1490.0
2023-09-08,1491.0
2023-09-09,1556.0
2023-09-10,1544.0
2023-09-11,1561.0
2023-09-12,1580.0
2023-09-13,1615.0
2023-09-14,1625.0
2023-09-15,1602.0
2023-09-16,1586.0
2023-09-17,1592.0
2023-09-18,1602.0
2023-09-19,1593.0
2023-09-20,1586.0
2023-09-21,1574.0
2023-09-22,1555.0
2023-09-23,1563.0
2023-09-24,1556.0
2023-09-25,1452.0
2023-09-26,1414.0
2023-09-27,1430.0
2023-09-28,1481.0
2023-09-29,1477.0
2023-09-30,1531.0
2023-10-01,1572.0
2023-10-02,1534.0
2023-10-03,1532.0
2023-10-04,1570.0
2023-10-05,1511.0
2023-10-06,1501.0
2023-10-07,1550.0
2023-10-08,1530.0
2023-10-09,1541.0
2023-10-10,1567.0
2023-10-11,1598.0
2023-10-12,1538.0
2023-10-13,1546.0
2023-10-14,1560.0
2023-10-15,1563.0
2023-10-16,1520.0
2023-10-17,1470.0
2023-10-18,1482.0
2023-10-19,1470.0
2023-10-20,1489.0
2023-10-21,1508.0
2023-10-22,1537.0
2023-10-23,1534.0
2023-10-24,1516.0
2023-10-25,1516.0
2023-10-26,1469.0
2023-10-27,1409.0
2023-10-28,1425.0
2023-10-29,1477.0
2023-10-30,1416.0
2023-10-31,1409.0
2023-11-01,1414.0
2023-11-02,1461.0
2023-11-03,1404.0
2023-11-04,1404.0
2023-11-05,1410.0
2023-11-06,1432.0
2023-11-07,1428.0
2023-11-08,1391.0
2023-11-09,1416.0
2023-11-10,1376.0
2023-11-11,1390.0
2023-11-12,1389.0
2023-11-13,1427.0
2023-11-14,1434.0
2023-11-15,1421.0
2023-11-16,1417.0
2023-11-17,1386.0
2023-11-18,1426.0
2023-11-19,1394.0
2023-11-20,1416.0
2023-11-21,1403.0
2023-11-22,1389.0
2023-11-23,1433.0
2023-11-24,1384.0
2023-11-25,1441.0
2023-11-26,1466.0
2023-11-27,1430.0
2023-11-28,1390.0
2023-11-29,1422.0
2023-11-30,1407.0
2023-12-01,1372.0
2023-12-02,1422.0
2023-12-03,1404.0
2023-12-04,1414.0
2023-12-05,1367.0
2023-12-06,1384.0
2023-12-07,1360.0
2023-12-08,1366.0
2023-12-09,1391.0
2023-12-10,1372.0
2023-12-11,1371.0
2023-12-12,1353.0
2023-12-13,1348.0
2023-12-14,1350.0
2023-12-15,1312.0
2023-12-16,1346.0
2023-12-17,1326.0
2023-12-18,1345.0
2023-12-19,1347.0
2023-12-20,1343.0
2023-12-21,1346.0
2023-12-22,1178.0
2023-12-23,1147.0
2023-12-24,1143.0
2023-12-25,1064.0
2023-12-26,1084.0
2023-12-27,1075.0
2023-12-28,1089.0
2023-12-29,1095.0
2023-12-30,1105.0
2023-12-31,1115.0
2024-01-01,1064.0
2024-01-02,1078.0
2024-01-03,1072.0
2024-01-04,1096.0
2024-01-05,1159.0
2024-01-06,1092.0
2024-01-07,1092.0
2024-01-08,1099.0
2024-01-09,1144.0
2024-01-10,1124.0
2024-01-11,1105.0
2024-01-12,1102.0
2024-01-13,1145.0
2024-01-14,1138.0
2024-01-15,1084.0
2024-01-16,1133.0
2024-01-17,1149.0
2024-01-18,1132.0
2024-01-19,1136.0
2024-01-20,1130.0
2024-01-21,1130.0
2024-01-22,1157.0
2024-01-23,1169.0
2024-01-24,1207.0
2024-01-25,1161.0
2024-01-26,1171.0
2024-01-27,1194.0
2024-01-28,1197.0
2024-01-29,1176.0
2024-01-30,1160.0
2024-01-31,1188.0
2024-02-01,1182.0
2024-02-02,1188.0
2024-02-03,1224.0
2024-02-04,1199.0
2024-02-05,1172.0
2024-02-06,1176.0
2024-02-07,1174.0
2024-02-08,1181.0
2024-02-09,1163.0
2024-02-10,1172.0
2024-02-11,1144.0
2024-02-12,1145.0
2024-02-13,1172.0
2024-02-14,1139.0
2024-02-15,1134.0
2024-02-16,1146.0
2024-02-17,1168.0
2024-02-18,1160.0
2024-02-19,1141.0
2024-02-20,1150.0
2024-02-21,1110.0
2024-02-22,1106.0
2024-02-23,1086.0
2024-02-24,1114.0
2024-02-25,1096.0
2024-02-26,1144.0
2024-02-27,1199.0
2024-02-28,1210.0
2024-02-29,1137.0
2024-03-01,1095.0
2024-03-02,1164.0
2024-03-03,1138.0
2024-03-04,1135.0
2024-03-05,1112.0
2024-03-06,1139.0
2024-03-07,1114.0
2024-03-08,1158.0
2024-03-09,1120.0
2024-03-10,1158.0
2024-03-11,1132.0
2024-03-12,1138.0
2024-03-13,1047.0
2024-03-14,1180.0
2024-03-15,1170.0
2024-03-16,1175.0
2024-03-17,1136.0
2024-03-18,1124.0
2024-03-19,1129.0
2024-03-20,1170.0
2024-03-21,1176.0
2024-03-22,1152.0
2024-03-23,1206.0
2024-03-24,1168.0
2024-03-25,1137.0
2024-03-26,1146.0
2024-03-27,1184.0
2024-03-28,1196.0
2024-03-29,1199.0
2024-03-30,1255.0
2024-03-31,1234.0
2024-04-01,1274.0
2024-04-02,1225.0
2024-04-03,1229.0
2024-04-04,1242.0
2024-04-05,1248.0
2024-04-06,1291.0
2024-04-07,1284.0
2024-04-08,1304.0
2024-04-09,1333.0
2024-04-10,1394.0
2024-04-11,1374.0
2024-04-12,1322.0
2024-04-13,1353.0
2024-04-14,1330.0
2024-04-15,1327.0
2024-04-16,1240.0
2024-04-17,1242.0
2024-04-18,1222.0
2024-04-19,1176.0
2024-04-20,1212.0
2024-04-21,1166.0
2024-04-22,1236.0
2024-04-23,1191.0
2024-04-24,1368.0
2024-04-25,1204.0
2024-04-26,1260.0
2024-04-27,1277.0
2024-04-28,1254.0
2024-04-29,1265.0
2024-04-30,1289.0
2024-05-01,1334.0
2024-05-02,1252.0
2024-05-03,1178.0
2024-05-04,1308.0
2024-05-05,1192.0
2024-05-06,1218.0
2024-05-07,1242.0
2024-05-08,1216.0
2024-05-09,1185.0
2024-05-10,1172.0
2024-05-11,1259.0
2024-05-12,1294.0
2024-05-13,1330.0
2024-05-14,1234.0
2024-05-15,1232.0
2024-05-16,1198.0
2024-05-17,1351.0
2024-05-18,1328.0
2024-05-19,1320.0
2024-05-20,1370.0
2024-05-21,1332.0
2024-05-22,1453.0
2024-05-23,1437.0
2024-05-24,1432.0
2024-05-25,1400.0
2024-05-26,1342.0
2024-05-27,1438.0
2024-05-28,1728.0
2024-05-29,1418.0
2024-05-30,1456.0
2024-05-31,1489.0
2024-06-01,1553.0
2024-06-02,1564.0
2024-06-03,1528.0
2024-06-04,1518.0
2024-06-05,1402.0
2024-06-06,1528.0
2024-06-07,1570.0
2024-06-08,1564.0
2024-06-09,1526.0
2024-06-10,1593.0
2024-06-11,1560.0
2024-06-12,1580.0
2024-06-13,1546.0
2024-06-14,1661.0
2024-06-15,1688.0
2024-06-16,1579.0
2024-06-17,1532.0
2024-06-18,1502.0
2024-06-19,1612.0
2024-06-20,1612.0
2024-06-21,1640.0
2024-06-22,1735.0
2024-06-23,1653.0
2024-06-24,1677.0
2024-06-25,1591.0
2024-06-26,1568.0
2024-06-27,1502.0
2024-06-28,1448.0
2024-06-29,1589.0
2024-06-30,1623.0
2024-07-01,1553.0
2024-07-02,1496.0
2024-07-03,1485.0
2024-07-04,1491.0
2024-07-05,1557.0
2024-07-06,1420.0
2024-07-07,1532.0
2024-07-08,1539.0
2024-07-09,1606.0
2024-07-10,1660.0
2024-07-11,1602.0
2024-07-12,1635.0
2024-07-13,1577.0
2024-07-14,1530.0
2024-07-15,1653.0
2024-07-16,1644.0
2024-07-17,1630.0
2024-07-18,1689.0
2024-07-19,1655.0
2024-07-20,1629.0
2024-07-21,1602.0
2024-07-22,1645.0
2024-07-23,1522.0
2024-07-24,1482.0
2024-07-25,1491.0
2024-07-26,1514.0
2024-07-27,1542.0
2024-07-28,1551.0
2024-07-29,1565.0
2024-07-30,1572.0
2024-07-31,1568.0
2024-08-01,1566.0
2024-08-02,1516.0
2024-08-03,1523.0
2024-08-04,1456.0
2024-08-05,1553.0
2024-08-06,1498.0
2024-08-07,1503.0
2024-08-08,1494.0
2024-08-09,1480.0
2024-08-10,1547.0
2024-08-11,1536.0
2024-08-12,1676.0
2024-08-13,1645.0
2024-08-14,1616.0
2024-08-15,1588.0
2024-08-16,1714.0
2024-08-17,1638.0
2024-08-18,1624.0
2024-08-19,1551.0
2024-08-20,1498.0
2024-08-21,1509.0
2024-08-22,1512.0
2024-08-23,1618.0
2024-08-24,1634.0
2024-08-25,1567.0
2024-08-26,1501.0
2024-08-27,1478.0
2024-08-28,1494.0
2024-08-29,1400.0
2024-08-30,1387.0
2024-08-31,1389.0
2024-09-01,1456.0
2024-09-02,1465.0
2024-09-03,1404.0
2024-09-04,1383.0
2024-09-05,1406.0
2024-09-06,1416.0
2024-09-07,1482.0
2024-09-08,1505.0
2024-09-09,1457.0
2024-09-10,1346.0
2024-09-11,1362.0
2024-09-13,1342.0
2024-09-14,1350.0
2024-09-15,1371.0
2024-09-16,1399.0
2024-09-17,1340.0
2024-09-18,1357.0
2024-09-19,1338.0
2024-09-20,1322.0
2024-09-21,1364.0
2024-09-22,1381.0
2024-09-23,1370.0
2024-09-24,1387.0
2024-09-25,1407.0
2024-09-26,1409.0
2024-09-27,1406.0
2024-09-28,1427.0
2024-09-29,1354.0
2024-09-30,1372.0
2024-10-01,1406.0
2024-10-02,1400.0
2024-10-03,1389.0
2024-10-04,1336.0
2024-10-05,1355.0
2024-10-06,1339.0
2024-10-07,1352.0
2024-10-08,1341.0
2024-10-09,1332.0
2024-10-10,1333.0
2024-10-11,1372.0
2024-10-12,1416.0
2024-10-13,1384.0
2024-10-14,1416.0
2024-10-15,1411.0
2024-10-16,1417.0
2024-10-17,1397.0
2024-10-18,1389.0
2024-10-19,1396.0
2024-10-20,1402.0
2024-10-21,1427.0
2024-10-22,1421.0
2024-10-23,1471.0
2024-10-24,1454.0
2024-10-25,1429.0
2024-10-26,1417.0
2024-10-27,1422.0
2024-10-28,1382.0
2024-10-29,1420.0
2024-10-30,1408.0
2024-10-31,1416.0
2024-11-01,1402.0
2024-11-02,1441.0
2024-11-03,1400.0
2024-11-04,1394.0
2024-11-05,1436.0
2024-11-06,1346.0
2024-11-07,1360.0
2024-11-08,1340.0
2024-11-09,1376.0
2024-11-10,1348.0
2024-11-11,1326.0
2024-11-12,1311.0
2024-11-13,1302.0
2024-11-14,1283.0
2024-11-15,1227.0
2024-11-16,1275.0
2024-11-17,1230.0
2024-11-18,1211.0
2024-11-19,1170.0
2024-11-20,1190.0
2024-11-21,1163.0
2024-11-22,1150.0
2024-11-23,1104.0
2024-11-24,1195.0
2024-11-25,1191.0
2024-11-26,1166.0
2024-11-27,1192.0
2024-11-28,1187.0
2024-11-29,1142.0
2024-11-30,1140.0
2024-12-01,1156.0
2024-12-02,1160.0
2024-12-03,1154.0
2024-12-04,1160.0
2024-12-05,1180.0
2024-12-06,1197.0
2024-12-07,1169.0
2024-12-08,1097.0
2024-12-09,1069.0
2024-12-10,1070.0
2024-12-11,1131.0
2024-12-12,1187.0
2024-12-13,1200.0
2024-12-14,1188.0
2024-12-15,1203.0
2024-12-16,1206.0
2024-12-17,1198.0
2024-12-18,1184.0
2024-12-19,1202.0
2024-12-20,1178.0
2024-12-21,1229.0
2024-12-22,1199.0
2024-12-23,1184.0
2024-12-24,1224.0
2024-12-25,1177.0
2024-12-26,1190.0
2024-12-27,1198.0
2024-12-28,1227.0
2024-12-29,1204.0
2024-12-30,1212.0
2024-12-31,1236.0
2025-01-01,1183.0
2025-01-02,1212.0
2025-01-03,1186.0
2025-01-04,1218.0
2025-01-05,1235.0
2025-01-06,1177.0
2025-01-07,1171.0
2025-01-08,1184.0
2025-01-09,1138.0
2025-01-10,1110.0
2025-01-11,1144.0
2025-01-12,1088.0
2025-01-13,1090.0
2025-01-14,1109.0
2025-01-15,1117.0
2025-01-16,1107.0
2025-01-17,1106.0
2025-01-18,1143.0
2025-01-19,1111.0
2025-01-20,1080.0
2025-01-21,1084.0
2025-01-22,1100.0
2025-01-23,1098.0
2025-01-24,1077.0
2025-01-25,1134.0
2025-01-26,1109.0
2025-01-27,1112.0
2025-01-28,1099.0
2025-01-29,1075.0
2025-01-30,1064.0
2025-01-31,1104.0
2025-02-01,1114.0
2025-02-02,1088.0
2025-02-03,1063.0
2025-02-04,1088.0
2025-02-05,1103.0
2025-02-06,1110.0
2025-02-07,1129.0
2025-02-08,1136.0
2025-02-09,1124.0
2025-02-10,1149.0
2025-02-11,1145.0
2025-02-12,1114.0
2025-02-13,1087.0
2025-02-14,1092.0
2025-02-15,1120.0
2025-02-16,1102.0
2025-02-17,1110.0
2025-02-18,1095.0
2025-02-19,1102.0
2025-02-20,1220.0
2025-02-21,1096.0
2025-02-22,1116.0
2025-02-23,1096.0
2025-02-24,1111.0
2025-02-25,1094.0
2025-02-26,1113.0
2025-02-27,1061.0
2025-02-28,1110.0
2025-03-01,1111.0
2025-03-02,1118.0
2025-03-03,1152.0
2025-03-04,1113.0
2025-03-05,1127.0
2025-03-06,1112.0
2025-03-07,1147.0
2025-03-08,1147.0
2025-03-09,1156.0
2025-03-10,1147.0
2025-03-11,1113.0
2025-03-12,1113.0
2025-03-13,1102.0
2025-03-14,1162.0
2025-03-15,1170.0
2025-03-16,1118.0
2025-03-17,1049.0
2025-03-18,1076.0
2025-03-19,1110.0
2025-03-20,1113.0
2025-03-21,1156.0
2025-03-22,1188.0
2025-03-24,1126.0
2025-03-25,1088.0
2025-03-26,1113.0
2025-03-27,1076.0
2025-03-28,1110.0
2025-03-29,1070.0
2025-03-30,1076.0
2025-03-31,1080.0
2025-04-01,1086.0
2025-04-02,1107.0
2025-04-03,1091.0
2025-04-04,1066.0
2025-04-05,1106.0
2025-04-06,1086.0
2025-04-07,1112.0
2025-04-08,1143.0
2025-04-09,1199.0
2025-04-10,1149.0
2025-04-11,1140.0
2025-04-12,1154.0
2025-04-13,1176.0
2025-04-14,1126.0
2025-04-15,1130.0
2025-04-16,1159.0
2025-04-17,1188.0
2025-04-18,1142.0
2025-04-19,1266.0
2025-04-20,1116.0
2025-04-21,1170.0
2025-04-22,1168.0
2025-04-23,1143.0
2025-04-24,1150.0
2025-04-25,1133.0
2025-04-26,1148.0
2025-04-27,1184.0
2025-04-28,1184.0
2025-04-29,1185.0
2025-04-30,1224.0
2025-05-01,1194.0
2025-05-02,1181.0
2025-05-03,1288.0
2025-05-04,1246.0
2025-05-05,1206.0
2025-05-06,1182.0
2025-05-07,1246.0
2025-05-08,1239.0
2025-05-09,1228.0
2025-05-10,1259.0
2025-05-11,1219.0
2025-05-12,1233.0
2025-05-13,1248.0
2025-05-14,1218.0
2025-05-15,1216.0
2025-05-16,1135.0
2025-05-17,1194.0
2025-05-18,1207.0
2025-05-19,1253.0
2025-05-20,1292.0
2025-05-23,1198.0
2025-05-24,1239.0
2025-05-25,1246.0
2025-05-26,1278.0
2025-05-27,1343.0
2025-05-28,1216.0
2025-05-29,1174.0
2025-05-30,1223.0
2025-05-31,1257.0
2025-06-01,1220.0
2025-06-02,1351.0
2025-06-03,1292.0
2025-06-04,1308.0
2025-06-05,1322.0
2025-06-06,1336.0
2025-06-07,1343.0
2025-06-08,1370.0
2025-06-09,1373.0
2025-06-10,1404.0
2025-06-11,1476.0
2025-06-12,1451.0
2025-06-13,1400.0
2025-06-14,1496.0
2025-06-15,1564.0
2025-06-16,1507.0
2025-06-17,1464.0
2025-06-18,1500.0
2025-06-19,1529.0
2025-06-20,1434.0
2025-06-21,1498.0
2025-06-22,1546.0
2025-06-23,1574.0
2025-06-24,1536.0
2025-06-25,1532.0
2025-06-26,1462.0
2025-06-27,1515.0
2025-06-28,1470.0
2025-06-29,1382.0
2025-06-30,1469.0
2025-07-01,1476.0
2025-07-02,1583.0
2025-07-03,1561.0
2025-07-04,1512.0
2025-07-05,1532.0
2025-07-06,1557.0
2025-07-07,1600.0
2025-07-08,1505.0
2025-07-09,1420.0
2025-07-10,1504.0
2025-07-11,1468.0
2025-07-12,1481.0
2025-07-13,1441.0
2025-07-14,1466.0
2025-07-15,1436.0
2025-07-16,1509.0
2025-07-17,1537.0
2025-07-18,1580.0
2025-07-19,1554.0
2025-07-20,1584.0
2025-07-21,1542.0
2025-07-22,1547.0
2025-07-23,1568.0
2025-07-24,1502.0
2025-07-25,1529.0
2025-07-26,1587.0
2025-07-27,1594.0
2025-07-28,1502.0
2025-07-29,1318.0
2025-07-30,1379.0
2025-07-31,1474.0
2025-08-01,1484.0
2025-08-02,1534.0
2025-08-03,1467.0
2025-08-04,1430.0
2025-08-05,1382.0
2025-08-06,1365.0
2025-08-07,1468.0
2025-08-08,1552.0
2025-08-09,1580.0
2025-08-10,1482.0
2025-08-11,1510.0
2025-08-12,1500.0
2025-08-13,1620.0
2025-08-14,1704.0
2025-08-15,1626.0
2025-08-16,1720.0
2025-08-17,1560.0
2025-08-19,1478.0
2025-08-20,1466.0
2025-08-21,1484.0
2025-08-22,1548.0
2025-08-23,1440.0
2025-08-24,1471.0
2025-08-25,1496.0
2025-08-26,1467.0
2025-08-27,1450.0
2025-08-28,1513.0
2025-08-29,1494.0
2025-08-30,1422.0
2025-08-31,1332.0
2025-09-01,1334.0
2025-09-02,1322.0
2025-09-03,1320.0
2025-09-04,1254.0
2025-09-05,1282.0
2025-09-06,1289.0
2025-09-07,1256.0
2025-09-08,1278.0
2025-09-09,1236.0
2025-09-10,1291.0
2025-09-11,1255.0
2025-09-12,1300.0
2025-09-13,1298.0
2025-09-14,1290.0
2025-09-15,1287.0
2025-09-16,1270.0
2025-09-17,1300.0
2025-09-18,1308.0
2025-09-19,1340.0
2025-09-20,1343.0
2025-09-21,1395.0
2025-09-22,1321.0
2025-09-23,1312.0
2025-09-24,1286.0
2025-09-25,1269.0
2025-09-26,1234.0
2025-09-27,1271.0
2025-09-28,1179.0
2025-09-29,1190.0
2025-09-30,1224.0
2025-10-01,1196.0
2025-10-02,1116.0
2025-10-03,1154.0
2025-10-04,1205.0
2025-10-05,1215.0
2025-10-06,1167.0
2025-10-07,1186.0
2025-10-08,1186.0
2025-10-09,1200.0
2025-10-10,1197.0
2025-10-11,1224.0
2025-10-12,1239.0
2025-10-13,1284.0
2025-10-14,1296.0
2025-10-15,1280.0
2025-10-16,1158.0
2025-10-17,1120.0
2025-10-18,1197.0
2025-10-19,1157.0
2025-10-20,1174.0
2025-10-21,1181.0
2025-10-22,1151.0
2025-10-23,1160.0
2025-10-24,1170.0
2025-10-25,1196.0
2025-10-26,1182.0
2025-10-27,1165.0
2025-10-28,1190.0
2025-10-29,1190.0
2025-10-30,1186.0
2025-10-31,1161.0
2025-11-01,1188.0
2025-11-02,1178.0
2025-11-03,1147.0
2025-11-04,1164.0
2025-11-05,1190.0
2025-11-06,1183.0
2025-11-07,1202.0
2025-11-08,1191.0
2025-11-09,1206.0
2025-11-10,1190.0
2025-11-11,1214.0
2025-11-12,1191.0
2025-11-13,1142.0
2025-11-14,1182.0
2025-11-15,1217.0
2025-11-16,1224.0
2025-11-17,1186.0
2025-11-18,1184.0
2025-11-19,1155.0
2025-11-20,1169.0
2025-11-21,1144.0
2025-11-22,1237.0
2025-11-23,1196.0
2025-11-24,1171.0
2025-11-25,1155.0
2025-11-26,1169.0
2025-11-27,1160.0
2025-11-28,1168.0
2025-11-29,1198.0
2025-11-30,1187.0
2025-12-01,1197.0
2025-12-02,1155.0
2025-12-03,1225.0
2025-12-04,1217.0
2025-12-05,1201.0
2025-12-06,1231.0
2025-12-07,1244.0
2025-12-08,1239.0
2025-12-09,1233.0
2025-12-10,1242.0
2025-12-11,1243.0
2025-12-12,1175.0
2025-12-13,1121.0
2025-12-14,1079.0
2025-12-15,1068.0
2025-12-16,1094.0
2025-12-17,1078.0
2025-12-18,1061.0
2025-12-19,1144.0
2025-12-20,1084.0
2025-12-21,1087.0
2025-12-22,1050.0
2025-12-23,1052.0
2025-12-24,1053.0
2025-12-25,1065.0
2025-12-26,1062.0
2025-12-27,1083.0
2025-12-28,1074.0
2025-12-29,1072.0
2025-12-31,1093.0
